Brand,Category,Link
TechCrunch,News & Media,https://techcrunch.com/feed/
The Verge (All),News & Media,https://www.theverge.com/rss/index.xml
Ars Technica,News & Media,https://arstechnica.com/feed/
Engadget,News & Media,https://www.engadget.com/rss.xml
Gizmodo,News & Media,https://gizmodo.com/rss
WIRED (All),News & Media,https://www.wired.com/feed/rss
CNET (All),News & Media,https://www.cnet.com/rss/all/
ZDNet (News),News & Media,https://www.zdnet.com/news/rss.xml
PCWorld,News & Media,https://www.pcworld.com/index.rss
Tom’s Guide,News & Media,https://www.tomsguide.com/feeds/all
The Next Web,News & Media,https://thenextweb.com/feed
TechRadar,News & Media,https://www.techradar.com/rss
Digital Trends,News & Media,https://www.digitaltrends.com/feed/
Neowin,News & Media,https://www.neowin.net/news/rss/
How-To Geek,News & Media,https://www.howtogeek.com/feed/
MakeUseOf,News & Media,https://www.makeuseof.com/feed/
ExtremeTech,News & Media,https://www.extremetech.com/feed
TechSpot,News & Media,https://www.techspot.com/backend.xml
SlashGear,News & Media,https://www.slashgear.com/feed/
The Register,News & Media,https://www.theregister.com/headlines.atom
gHacks,News & Media,https://www.ghacks.net/feed/
Lifehacker (All),News & Media,https://lifehacker.com/rss
GigaOm,News & Media,https://gigaom.com/feed/
SiliconANGLE,News & Media,https://siliconangle.com/feed/
GeekWire,News & Media,https://www.geekwire.com/feed/
Techmeme (Aggregator),News & Media,https://www.techmeme.com/feed.xml
Tom’s Hardware,Consumer & Hardware,https://www.tomshardware.com/feeds/all
AnandTech,Consumer & Hardware,https://www.anandtech.com/rss/
Phoronix,Consumer & Hardware,https://www.phoronix.com/rss.php
TweakTown (News),Consumer & Hardware,https://www.tweaktown.com/news-feed/
TechPowerUp,Consumer & Hardware,https://www.techpowerup.com/rss/
GSMArena (News/Reviews),Consumer & Hardware,https://www.gsmarena.com/rss-news-reviews.php3
iFixit (News),Consumer & Hardware,https://www.ifixit.com/News/feed
Raspberry Pi (News),Consumer & Hardware,https://www.raspberrypi.com/news/feed/
Hackaday,Consumer & Hardware,https://hackaday.com/blog/feed/
Make: Magazine,Consumer & Hardware,https://makezine.com/feed/
Adafruit (Blog),Consumer & Hardware,https://blog.adafruit.com/feed/
MacRumors,Consumer & Hardware,https://www.macrumors.com/macrumors.xml
Macworld,Consumer & Hardware,https://www.macworld.com/feed
iMore,Consumer & Hardware,https://www.imore.com/rss.xml
9to5Mac,Consumer & Hardware,https://9to5mac.com/feed/
Android Authority,Consumer & Hardware,https://www.androidauthority.com/feed/
Android Central,Consumer & Hardware,https://www.androidcentral.com/rss.xml
SamMobile,Consumer & Hardware,https://www.sammobile.com/feed/
9to5Google,Consumer & Hardware,https://9to5google.com/feed/
Electrek,Consumer & Hardware,https://electrek.co/feed/
CleanTechnica,Consumer & Hardware,https://cleantechnica.com/feed/
ServeTheHome,Consumer & Hardware,https://www.servethehome.com/feed/
Level1Techs (News),Consumer & Hardware,https://level1techs.com/rss.xml
OMG! Ubuntu!,Consumer & Hardware,https://www.omgubuntu.co.uk/feed
It’s FOSS,Consumer & Hardware,https://itsfoss.com/feed/
The New Stack,Developer / OSS & Cloud,https://thenewstack.io/feed/
DZone (Home),Developer / OSS & Cloud,https://feeds.dzone.com/home
Smashing Magazine,Developer / OSS & Cloud,https://www.smashingmagazine.com/feed/
SitePoint,Developer / OSS & Cloud,https://www.sitepoint.com/feed/
CSS-Tricks,Developer / OSS & Cloud,https://css-tricks.com/feed/
Dev.to,Developer / OSS & Cloud,https://dev.to/feed
Stack Overflow Blog,Developer / OSS & Cloud,https://stackoverflow.blog/feed/
GitHub Blog,Developer / OSS & Cloud,https://github.blog/feed/
GitLab Blog,Developer / OSS & Cloud,https://about.gitlab.com/atom.xml
Mozilla Hacks,Developer / OSS & Cloud,https://hacks.mozilla.org/feed/
MDN Blog,Developer / OSS & Cloud,https://developer.mozilla.org/en-US/blog/feed/
Google Developers Blog,Developer / OSS & Cloud,https://developers.googleblog.com/atom.xml
Microsoft Dev Blogs,Developer / OSS & Cloud,https://devblogs.microsoft.com/feed/
AWS News Blog,Developer / OSS & Cloud,https://aws.amazon.com/blogs/aws/feed/
Azure Blog,Developer / OSS & Cloud,https://azure.microsoft.com/en-us/blog/feed/
Google Cloud Blog,Developer / OSS & Cloud,https://cloud.google.com/blog/rss/
Cloudflare Blog,Developer / OSS & Cloud,https://blog.cloudflare.com/rss/
Docker Blog,Developer / OSS & Cloud,https://www.docker.com/blog/feed/
Kubernetes Blog,Developer / OSS & Cloud,https://kubernetes.io/feed.xml
CNCF Blog,Developer / OSS & Cloud,https://www.cncf.io/feed/
Red Hat Blog,Developer / OSS & Cloud,https://www.redhat.com/en/rss/blog
Elastic Blog,Developer / OSS & Cloud,https://www.elastic.co/blog/feed
MongoDB Blog,Developer / OSS & Cloud,https://www.mongodb.com/blog/rss
Google AI Blog,Developer / OSS & Cloud,https://ai.googleblog.com/atom.xml
Hugging Face Blog,Developer / OSS & Cloud,https://huggingface.co/blog/feed.xml
KDNuggets,Developer / OSS & Cloud,https://www.kdnuggets.com/feed
Towards Data Science,Developer / OSS & Cloud,https://towardsdatascience.com/feed
Unity Blog,Developer / OSS & Cloud,https://blog.unity.com/feed
Google News (Technology),News & Media,https://news.google.com/rss/search?q=technology&hl=en-US&gl=US&ceid=US:en
Krebs on Security,Security / Hacking News,https://krebsonsecurity.com/feed/
The Hacker News,Security / Hacking News,https://thehackernews.com/feeds/posts/default
BleepingComputer,Security / Hacking News,https://www.bleepingcomputer.com/feed/
Dark Reading,Security / Hacking News,https://www.darkreading.com/rss.xml
SecurityWeek,Security / Hacking News,https://www.securityweek.com/feed/
Help Net Security,Security / Hacking News,https://www.helpnetsecurity.com/feed/
Infosecurity Magazine (News),Security / Hacking News,https://www.infosecurity-magazine.com/rss/news/
CSO Online,Security / Hacking News,https://www.csoonline.com/index.rss
SANS Internet Storm Center (ISC),Security / Hacking News,https://isc.sans.edu/rssfeed.xml
Schneier on Security,Security / Hacking News,https://www.schneier.com/feed/atom/
HackRead,Security / Hacking News,https://www.hackread.com/feed/
The Daily Swig (PortSwigger),Security / Hacking News,https://portswigger.net/daily-swig/rss
Exploit Database,Security / Hacking News,https://www.exploit-db.com/rss.xml
Packet Storm,Security / Hacking News,https://packetstormsecurity.com/feeds/
Naked Security (Sophos),Security / Hacking News,https://nakedsecurity.sophos.com/feed/
CISA (US-CERT Alerts),Security / Hacking News,https://www.cisa.gov/uscert/ncas/alerts.xml
IBM Security Intelligence,Security / Hacking News,https://securityintelligence.com/feed/
Mandiant (Blog),Security / Hacking News,https://www.mandiant.com/resources/blog/rss.xml
Trend Micro (Security News),Security / Hacking News,https://www.trendmicro.com/vinfo/us/security/news/rss
TechCrunch (Security Tag),Security / Hacking News,https://techcrunch.com/tag/security/feed/
ZDNet (Security),Security / Hacking News,https://www.zdnet.com/topic/security/rss.xml
Wired (Security),Security / Hacking News,https://www.wired.com/feed/category/security/latest/rss
